code,system
TK...13,readv2
U205z00,readv2
U202z00,readv2
U204000,readv2
U2B6.00,readv2
U2z0.00,readv2
14K1.00,readv2
U201000,readv2
U20y000,readv2
U200000,readv2
U204.00,readv2
U209z00,readv2
U20Bz00,readv2
U205000,readv2
U2C..00,readv2
U200400,readv2
U27..00,readv2
U202400,readv2
U270.00,readv2
U2...00,readv2
U201.00,readv2
U202000,readv2
U205.00,readv2
U201z00,readv2
U20yz00,readv2
U2B..00,readv2
U720.00,readv2
U209.00,readv2
U200z00,readv2
U20B000,readv2
U20B.00,readv2
U200.00,readv2
U20y.00,readv2
U202.00,readv2
U204z00,readv2
U29..00,readv2
U2A..00,readv2
U200500,readv2
U204y00,readv2
U20By00,readv2
U22y.00,readv2
U2Cy.00,readv2
U2y0.00,readv2
U2zy.00,readv2
U21y.00,readv2
U2z..00,readv2
U20Cy00,readv2
U2By.00,readv2
U200y00,readv2
U209y00,readv2
U22z.00,readv2
U2yz.00,readv2
U29y.00,readv2
U2y..00,readv2
U202y00,readv2
U205y00,readv2
U25..00,readv2
U45..00,readv2
TK00.00,readv2
TK2..00,readv2
TK2z.00,readv2
TKx1.00,readv2
TK...00,readv2
TKx0.00,readv2
TK01.00,readv2
TK60.00,readv2
TKx7.00,readv2
TKx0000,readv2
TK...15,readv2
TK54.00,readv2
ZRn3.00,readv2
TK31.00,readv2
TK51.00,readv2
TK21.00,readv2
TK6z.00,readv2
TK7z.00,readv2
TK5..00,readv2
U2...13,readv2
TKx4.00,readv2
TK61.00,readv2
TKxy.00,readv2
TK01000,readv2
TK6..00,readv2
TKxz.00,readv2
TK...14,readv2
TK11.00,readv2
TK02.00,readv2
TK3..00,readv2
TKx2.00,readv2
TK07.00,readv2
U2...15,readv2
TK1y.00,readv2
TKx6.00,readv2
TK71.00,readv2
TK03.00,readv2
TK...17,readv2
TK70.00,readv2
TK72.00,readv2
TK52.00,readv2
TK06.00,readv2
TK30.00,readv2
TK5z.00,readv2
TK4..00,readv2
TK7..00,readv2
TKx..00,readv2
TKz..00,readv2
TK01400,readv2
TKx3.00,readv2
TK10.00,readv2
TK01100,readv2
U2...14,readv2
U202.16,readv2
U202.15,readv2
U202.12,readv2
U200.13,readv2
U200.11,readv2
U202.17,readv2
U204.12,readv2
U204.13,readv2
U202.13,readv2
SL...15,readv2
U202.18,readv2
U200.12,readv2
ZX1H200,readv2
U4B..00,readv2
U41..00,readv2
U72..00,readv2
ZX1G.00,readv2
ZX11.11,readv2
ZX12.00,readv2
ZX11.00,readv2
ZX13.11,readv2
ZX19.00,readv2
ZX1C.00,readv2
ZX1M.00,readv2
ZX1E.00,readv2
ZX19100,readv2
ZX19200,readv2
ZX1..13,readv2
U30..11,readv2
TK...11,readv2
U20..11,readv2
U2C1.00,readv2
U291.00,readv2
U2y1.00,readv2
U221.00,readv2
U2A1.00,readv2
U21z.00,readv2
ZX1H100,readv2
U210.00,readv2
U21..00,readv2
U2z2.00,readv2
U212.00,readv2
U211.00,readv2
U204100,readv2
U200100,readv2
ZX1R.00,readv2
TK20.00,readv2
U2D6.00,readv2
TKx5.00,readv2
U2D..00,readv2
U2D0.00,readv2
U2D4.00,readv2
SL90.00,readv2
U204.11,readv2
SL90z00,readv2
ZX1B100,readv2
ZX1B.00,readv2
ZX1B200,readv2
ZX1B300,readv2
U20A400,readv2
U20Az00,readv2
U20A.00,readv2
U20A000,readv2
U2Bz.00,readv2
U29z.00,readv2
U294.00,readv2
U290.00,readv2
U2A3.00,readv2
U4Bz.00,readv2
U274.00,readv2
U2B4.00,readv2
U280.00,readv2
U2C4.00,readv2
U2zz.00,readv2
U27z.00,readv2
U250.00,readv2
U28z.00,readv2
U2B0.00,readv2
U2A0.00,readv2
ZX1Q.00,readv2
ZX1Q.11,readv2
U208400,readv2
U208z00,readv2
TK04.00,readv2
TK05.00,readv2
U208y00,readv2
TKy..00,readv2
ZRLfC12,readv2
U2...11,readv2
TK...12,readv2
U2...12,readv2
U20B.11,readv2
ZX1I.00,readv2
U20y200,readv2
U20B200,readv2
U220.00,readv2
U22..00,readv2
ZX18.00,readv2
ZX1L300,readv2
ZX1L.00,readv2
ZX1L600,readv2
ZX1LD00,readv2
U2E..00,readv2
ZX1L100,readv2
ZX1L200,readv2
U28..00,readv2
ZX1H.00,readv2
U44..00,readv2
U24..00,readv2
ZX13100,readv2
ZX15.00,readv2
ZX1K.12,readv2
ZX1K.11,readv2
ZX1J.00,readv2
U20C.00,readv2
U20C000,readv2
TK60111,readv2
TK60100,readv2
ZX1N.00,readv2
U202.11,readv2
TK3z.00,readv2
TK3y.00,readv2
U216.00,readv2
TK0z.00,readv2
TK0..00,readv2
ZX1S.00,readv2
U207000,readv2
U207z00,readv2
U207.00,readv2
SLHz.00,readv2
U208000,readv2
U208.00,readv2
TK1..00,readv2
TK1z.00,readv2
SL...14,readv2
U20..00,readv2
U20C.12,readv2
U20C.11,readv2
U26..00,readv2
ZX1..12,readv2
ZX1..00,readv2
ZX...11,readv2
ZX1K.00,readv2
U20A.11,readv2
U206.00,readv2
U206400,readv2
U241.00,readv2
U242.00,readv2
ZX13.00,readv2